student_id,name,age,quiz_score_1,quiz_score_2,quiz_score_3,assignment_score_1,assignment_score_2,math_engagement_time,science_engagement_time,history_engagement_time,login_frequency,content_completion_rate,learning_style
1,Charles Martin,27,98,59,73,83,63,20,18,113,5,99,kinesthetic
2,Anthony Hubbard,26,53,58,70,95,70,17,73,55,8,69,auditory
3,Stanley Bradford,20,99,68,62,81,88,56,57,53,1,85,visual
4,William Church,23,72,74,77,53,51,18,51,101,3,97,visual
5,Connie Perry,27,95,90,60,98,91,98,81,53,9,81,visual
6,Katherine Martin,21,81,59,77,67,51,46,58,97,8,79,kinesthetic
7,Patricia Henderson,18,74,96,68,68,88,103,13,48,8,89,visual
8,Jessica Church,20,75,97,58,61,68,22,60,82,2,88,auditory
9,Caroline Martinez,18,88,84,92,88,78,98,56,44,3,77,auditory
10,David Lewis,21,86,84,58,77,53,21,28,62,4,91,visual
11,Jeffery Bonilla,22,85,82,56,57,75,54,24,33,7,83,auditory
12,Robert West,22,53,97,65,83,66,73,53,65,4,98,kinesthetic
13,Matthew Ramos,28,99,59,77,66,62,71,69,103,3,50,auditory
14,Terry Myers,26,66,88,68,52,93,60,82,57,6,65,visual
15,Colton Shaw,23,85,59,77,50,80,36,111,110,2,77,visual
16,John Pena,24,75,91,50,66,77,117,46,62,9,63,visual
17,Ronald Johnson,25,90,77,55,90,61,48,39,35,7,70,auditory
18,Bonnie Castaneda,21,89,99,82,61,82,116,91,97,9,80,auditory
19,Patrick Michael,26,94,94,82,76,69,75,65,31,7,72,auditory
20,Sarah Green,19,82,56,88,86,54,96,43,52,6,65,visual
21,Megan Patton,22,79,74,88,64,65,37,79,42,4,69,visual
22,Larry Costa,24,61,75,63,52,79,10,89,71,5,63,kinesthetic
23,Jason Curtis,23,74,77,87,80,57,46,46,74,3,89,kinesthetic
24,Jeffrey Oneal,29,88,75,88,87,96,90,60,77,4,89,visual
25,Tracie Mcguire,21,81,78,73,72,94,114,26,77,1,75,visual
26,Richard Miller,29,88,71,75,63,57,48,15,112,6,70,visual
27,Christina Brown,27,62,71,54,85,86,40,73,13,7,67,kinesthetic
28,Ryan Padilla,26,79,76,84,90,95,13,81,36,6,60,auditory
29,Gregory Boyd,19,75,97,75,84,98,12,66,66,9,88,kinesthetic
30,John Flores,22,84,68,70,90,55,94,43,111,4,87,visual
31,Danielle Evans,21,58,79,63,60,63,111,42,60,2,53,kinesthetic
32,Justin Harris,28,99,64,53,66,93,39,115,118,7,53,auditory
33,Samantha Pham,18,51,62,82,89,75,23,118,64,8,66,auditory
34,Daniel Johnson,26,74,72,72,51,97,101,69,72,8,69,visual
35,Kayla Molina,18,84,51,62,60,95,31,76,119,1,75,auditory
36,Michael Byrd,29,74,63,95,69,87,79,107,85,7,57,visual
37,Joshua Underwood,27,83,80,78,96,93,34,94,49,5,77,kinesthetic
38,Karen Hahn,28,76,50,77,73,57,115,118,74,2,57,visual
39,Stephanie Martinez,27,63,94,88,60,77,63,99,89,1,96,kinesthetic
40,Andrea Brown,22,50,55,82,75,71,118,83,29,9,76,kinesthetic
41,Oscar Sanchez,28,52,56,80,91,98,48,25,116,7,67,kinesthetic
42,Francisco Wallace,23,60,67,93,89,62,65,91,75,2,50,auditory
43,Brandon Hill,24,81,66,59,53,64,60,108,13,3,68,auditory
44,Anthony Robles,26,62,91,76,94,63,12,29,69,2,81,auditory
45,Robin Barrett,21,54,75,66,74,94,102,89,96,3,66,auditory
46,Mrs. Lisa Medina DVM,22,96,53,59,68,53,81,94,22,1,98,visual
47,Emily Malone,20,72,84,91,57,64,63,95,25,9,82,kinesthetic
48,Veronica Prince,24,72,54,63,94,77,101,24,11,1,93,kinesthetic
49,William Orr Jr.,18,76,84,96,72,76,78,94,117,4,65,visual
50,Dwayne Novak,27,67,90,99,79,74,112,104,60,3,83,visual
51,Becky Cruz,27,94,60,68,64,65,10,52,79,4,51,kinesthetic
52,Christopher Cain,19,97,78,61,84,84,69,112,110,3,91,visual
53,James Thompson,29,78,76,91,83,98,107,15,75,4,53,kinesthetic
54,Chad Bennett,19,78,59,68,52,86,118,75,71,8,88,visual
55,Jack Mitchell,20,72,93,51,55,85,94,45,35,6,78,kinesthetic
56,David Barnett,27,52,98,55,98,61,100,55,41,2,51,kinesthetic
57,Teresa Thompson,29,98,77,61,55,57,112,79,97,3,54,auditory
58,April Mendoza,24,61,95,80,52,65,56,72,51,9,68,visual
59,Karen Adams,29,59,85,73,80,95,51,82,41,6,93,kinesthetic
60,Michelle Brown,19,77,71,62,98,62,64,53,66,4,50,auditory
61,Melissa Hayes,22,73,51,76,89,82,28,59,62,6,87,auditory
62,Teresa Carlson,25,56,66,64,78,69,33,85,102,3,94,visual
63,Kristin Chavez,18,65,99,50,56,87,77,84,49,4,61,visual
64,David Williams,28,68,77,50,63,68,63,94,105,8,88,auditory
65,Jeffrey Rodriguez,29,56,50,51,53,80,71,54,17,2,87,auditory
66,Erika Norman,22,96,90,74,73,54,51,61,102,3,51,visual
67,Sean Miller,22,94,73,99,63,57,57,14,52,2,53,auditory
68,Sheri Rodriguez,22,58,75,98,64,62,55,114,34,8,86,kinesthetic
69,Alfred Cox,29,52,74,93,54,75,93,28,85,1,98,visual
70,Allen Johnson,23,60,94,74,85,75,112,27,21,2,54,kinesthetic
71,Cassandra Foster DVM,27,80,88,77,90,51,119,86,80,7,97,auditory
72,Amber Lyons,24,93,91,96,88,62,59,70,26,7,62,kinesthetic
73,Dale Mccoy,25,92,68,99,81,53,71,102,96,3,53,visual
74,Patricia Wood,25,69,78,71,76,68,66,88,17,8,90,kinesthetic
75,Emily Peters,18,63,88,96,99,91,59,107,103,9,75,visual
76,Albert Ellis,21,95,73,62,79,92,77,95,95,9,99,visual
77,Brooke Mack,23,94,81,85,78,85,39,119,32,6,94,auditory
78,Steve Walters,28,62,86,95,56,56,100,17,117,1,52,auditory
79,Jennifer Mendoza,23,58,94,80,77,96,110,91,45,9,87,visual
80,Tracy Moore,22,97,99,73,54,69,65,116,54,1,71,auditory
81,Denise Walker,29,57,50,69,95,98,51,36,42,9,80,kinesthetic
82,Robin Stuart,18,96,86,90,90,66,29,14,98,4,69,visual
83,Samantha Mendoza,28,67,79,69,64,77,38,110,80,2,64,auditory
84,Alan Santos,18,54,62,76,56,64,90,117,95,7,80,kinesthetic
85,Karen Miller,24,73,69,63,74,86,77,108,51,8,86,auditory
86,Ricardo Dixon,19,75,66,52,99,64,112,40,36,1,71,auditory
87,Matthew Gibson,18,65,78,76,58,78,106,64,54,6,65,visual
88,Patrick Mendez,20,65,83,87,94,85,78,87,54,6,82,visual
89,Ronald Smith,20,96,68,68,92,87,42,26,61,3,78,auditory
90,John Gutierrez,28,99,78,74,72,95,44,117,65,1,76,auditory
91,James Berg,19,90,69,52,90,61,100,97,18,2,83,auditory
92,John Sanchez,27,75,64,61,58,97,77,23,27,2,95,auditory
93,Edward Morris,25,85,86,62,51,92,76,29,96,3,79,kinesthetic
94,Craig Medina,25,50,69,90,99,94,68,32,20,6,62,kinesthetic
95,Zachary Camacho,28,90,98,68,59,63,58,86,97,2,92,auditory
96,Joshua Ortiz Jr.,28,64,54,66,86,81,52,87,16,3,84,auditory
97,Jessica Collins,27,51,95,77,82,93,50,17,77,2,84,auditory
98,Kendra Collins,23,95,55,78,79,68,13,74,52,5,94,visual
99,Bruce Barber,22,55,85,59,83,54,88,30,95,5,99,auditory
100,Chelsea Morgan,22,92,51,94,57,89,18,109,18,7,50,visual
101,Jessica Sandoval,20,53,77,58,58,97,37,25,47,8,95,kinesthetic
102,Nicholas Wong,27,58,86,61,58,92,62,88,44,3,85,visual
103,Jonathan Page,28,91,72,60,53,92,76,119,77,8,85,auditory
104,Laura Roy,26,73,70,95,53,52,105,109,99,5,80,kinesthetic
105,Kelli Mcclain,21,51,78,92,73,73,111,92,46,1,98,kinesthetic
106,Donald Stark,27,81,78,81,79,84,107,17,83,3,81,auditory
107,Caleb Dennis,28,62,73,95,73,66,31,111,35,6,98,visual
108,Elaine Mccoy,24,51,60,99,75,99,22,101,16,5,65,auditory
109,Jamie Barr,21,76,81,81,96,85,96,48,97,6,73,visual
110,Taylor Johnson,20,98,70,93,55,86,83,31,29,3,76,kinesthetic
111,Justin Smith,19,84,87,88,55,86,86,107,47,4,59,visual
112,Melvin Norris,18,75,95,92,85,58,77,101,114,7,74,auditory
113,Brittney Scott,23,96,94,98,51,98,96,46,34,7,79,visual
114,Joshua Rodriguez,28,81,57,74,55,55,119,88,67,2,63,auditory
115,Thomas Estes,20,61,51,81,53,85,105,19,40,4,62,auditory
116,Charles Elliott,29,86,68,79,92,62,60,71,30,4,87,auditory
117,Ivan Carroll,23,75,78,84,86,81,12,39,19,7,87,kinesthetic
118,Todd Pratt,26,64,62,80,76,75,48,33,44,9,57,visual
119,Terry Anderson,23,78,86,58,62,51,109,28,97,2,78,kinesthetic
120,Anthony Jones,28,74,67,58,85,92,100,110,31,5,71,auditory
121,Amber Lee,28,58,58,86,93,94,99,60,114,3,67,kinesthetic
122,Brittany Bennett,19,86,95,67,58,91,33,54,79,9,71,kinesthetic
123,Vanessa Cook,20,90,79,68,98,63,21,87,43,9,63,kinesthetic
124,Jerry Villarreal,19,60,70,86,99,80,71,108,31,2,85,visual
125,Roy Cooley,26,90,94,87,70,99,57,90,12,3,71,visual
126,Katie Martinez,20,63,81,82,93,79,91,37,94,2,81,visual
127,Anthony Conway,22,66,60,94,77,92,36,92,57,6,81,auditory
128,Becky Miller,28,52,91,72,59,89,35,66,63,1,57,visual
129,David Johns,26,54,56,84,93,91,40,46,14,1,92,visual
130,Jonathan Kirk,22,91,84,81,80,69,102,69,21,6,87,visual
131,Rebecca Clark,22,90,78,76,50,91,35,64,84,5,73,auditory
132,Samantha Bauer,20,56,81,52,85,53,12,89,92,2,75,auditory
133,Roberto Carter,26,79,70,87,59,54,84,35,75,9,50,visual
134,Michael Terry,18,91,58,66,51,61,43,15,38,3,81,auditory
135,Miguel Taylor,25,92,87,60,55,99,24,51,33,2,50,kinesthetic
136,Paula Mason,28,95,88,52,80,95,25,61,103,4,70,visual
137,Sarah Jones,19,95,90,60,64,83,18,114,65,3,74,kinesthetic
138,Ronald Pitts,19,67,69,57,81,99,108,103,25,8,76,auditory
139,Morgan Harrison,25,97,81,55,81,87,46,11,45,1,85,kinesthetic
140,Fernando Gordon,24,91,55,61,97,60,108,61,50,1,63,auditory
141,Miguel Hardy,23,85,90,77,55,60,78,35,52,1,84,auditory
142,James Roberts,21,87,92,65,78,86,52,113,75,8,58,auditory
143,Paul Williams,26,80,84,97,96,58,83,90,61,8,84,auditory
144,Michael Carr,28,92,73,61,83,76,14,87,65,7,77,visual
145,Jessica Blair,22,90,92,55,64,82,102,79,59,6,74,kinesthetic
146,Carlos Bennett,19,54,95,83,87,77,33,27,109,2,53,auditory
147,John Barnes,26,50,59,61,88,87,52,81,97,3,78,kinesthetic
148,Douglas Reeves,19,53,59,92,62,84,36,76,100,1,77,auditory
149,Andrew Jimenez,28,64,86,55,82,92,21,20,107,8,93,auditory
150,Connor Oconnell,25,81,96,51,97,82,100,59,80,7,60,kinesthetic
151,Mark Jackson MD,23,92,80,65,89,75,65,16,91,7,55,kinesthetic
152,Joseph Anderson,26,77,71,92,56,97,21,31,17,1,95,visual
153,David Vega,26,98,80,56,75,97,113,91,45,4,81,kinesthetic
154,Beth Bryant,25,59,80,76,99,90,83,55,89,4,63,auditory
155,Kenneth Moran,26,58,85,75,87,87,102,62,84,8,58,auditory
156,Steven Holland,25,56,59,81,66,77,82,104,35,7,75,visual
157,Paul Salinas,18,91,51,77,90,80,103,72,77,7,60,auditory
158,Ronnie George DVM,18,93,57,93,65,63,92,62,36,9,77,auditory
159,Andrew Miller,18,73,98,77,71,59,48,79,80,8,85,auditory
160,Michelle Baldwin,20,87,63,72,58,74,51,102,87,5,73,auditory
161,Daniel Henderson,23,70,71,76,81,95,32,69,51,2,79,visual
162,Jerry Perez DDS,19,52,60,53,67,90,71,26,10,9,74,auditory
163,Robin Casey,28,79,85,65,95,71,65,96,102,3,56,visual
164,Isabel Morgan,29,69,87,89,55,81,73,68,52,1,98,visual
165,Christopher Anderson,21,88,92,77,79,58,101,42,114,5,67,visual
166,Danielle Stevens,28,62,55,86,87,56,101,24,119,9,57,kinesthetic
167,Andrew Smith,21,92,73,85,56,65,107,14,27,4,77,visual
168,Alexandra Smith,22,77,81,73,75,58,11,60,47,1,95,auditory
169,Mike Grant,24,81,86,74,54,60,100,92,112,8,96,visual
170,Marc Ashley,27,81,56,86,74,90,114,28,42,1,87,kinesthetic
171,Amber Ochoa,28,61,50,70,66,80,57,37,80,9,82,kinesthetic
172,Casey Williams,25,63,52,62,77,80,99,59,43,3,76,auditory
173,Sean Brock,21,55,62,74,81,77,32,95,43,6,67,auditory
174,Mrs. Jodi Hernandez MD,25,57,66,74,73,57,70,24,80,6,66,visual
175,Tara Mcdonald PhD,26,74,86,66,81,66,18,44,31,6,70,auditory
176,Mark Shepherd,19,71,51,67,53,57,24,116,35,9,79,auditory
177,Robert Salazar,22,96,89,70,98,92,52,95,79,1,90,auditory
178,Katelyn Cordova,19,59,59,58,54,68,72,16,18,2,75,kinesthetic
179,Ashley Rivera,27,94,77,83,73,94,93,62,106,3,76,visual
180,Suzanne Bryant,25,91,97,82,74,77,23,68,26,5,90,auditory
181,Melissa Perez,22,84,68,86,92,84,97,44,101,5,82,visual
182,Shawn Nunez,19,77,91,55,77,74,115,68,29,6,87,kinesthetic
183,Jeanette Nixon,26,59,55,83,88,73,30,97,24,8,65,kinesthetic
184,Francisco Thomas,24,91,53,63,69,80,113,29,57,5,95,visual
185,Sophia Marshall,25,98,72,69,80,53,85,16,17,3,75,auditory
186,Eric Cameron,26,67,72,84,95,56,95,118,93,6,55,kinesthetic
187,Heather Nunez,27,77,98,90,92,62,102,89,34,8,66,auditory
188,Amber Stevenson,18,78,76,63,89,61,18,112,87,8,86,visual
189,Kristina Garcia,21,54,76,65,96,95,117,40,11,7,75,visual
190,Stephanie Silva,18,78,50,91,71,59,24,24,53,1,60,auditory
191,Rebecca Mercer,24,65,53,60,63,95,76,55,44,6,81,kinesthetic
192,Christopher Wood,28,53,54,77,93,85,64,17,41,6,59,auditory
193,Gabrielle Mccoy,21,78,55,70,76,90,53,98,22,2,53,auditory
194,Amanda Young,23,92,57,64,80,63,107,114,62,2,83,auditory
195,Kristopher Hernandez,23,73,85,51,81,50,55,74,54,2,76,auditory
196,Ronald Hall,23,88,75,67,72,56,80,17,42,2,51,auditory
197,Lisa Zuniga,25,95,75,90,96,80,13,39,54,3,52,auditory
198,Amy Rodriguez,29,56,63,69,96,74,42,113,90,7,66,auditory
199,Cassandra Clayton,29,57,90,74,77,79,47,117,12,6,87,visual
200,Howard Pratt,22,75,89,72,61,84,34,115,15,2,59,auditory
201,William Rodriguez,28,66,73,56,64,76,105,98,55,1,88,auditory
202,Gary Villarreal,29,51,77,65,91,85,108,72,119,4,93,auditory
203,Jacqueline Suarez,27,67,90,78,66,65,54,98,119,8,53,auditory
204,Amy Hopkins,21,63,59,71,66,83,16,67,92,2,80,kinesthetic
205,William Ferguson,28,52,93,71,65,75,14,30,104,5,80,visual
206,Kurt Perez,28,76,52,87,94,74,32,29,75,2,98,kinesthetic
207,Virginia Phillips,19,62,52,55,92,92,47,115,37,3,55,kinesthetic
208,Matthew Thomas,22,87,62,81,95,93,87,100,64,6,90,kinesthetic
209,Thomas Cobb,18,77,58,77,66,55,84,18,55,2,88,auditory
210,Hannah Jefferson,19,74,95,95,77,75,17,117,36,5,58,kinesthetic
211,Rebecca Williams,26,72,91,51,75,62,76,10,110,9,87,kinesthetic
212,Adam Castro,21,88,71,87,58,86,91,67,79,7,68,auditory
213,Jason Gardner,21,56,84,89,72,86,67,12,20,2,78,kinesthetic
214,David Blevins,26,76,75,61,79,54,104,80,32,5,96,visual
215,John Duncan,26,83,58,95,86,86,44,115,55,5,53,kinesthetic
216,Michelle Henry,28,53,68,95,90,88,91,37,31,1,69,kinesthetic
217,Kelly Thompson,24,98,99,88,82,94,76,66,80,2,66,visual
218,Beth Ford,25,60,96,63,55,52,35,68,73,1,88,visual
219,Judy Conley,22,96,65,89,67,65,83,82,91,9,79,kinesthetic
220,Jessica Tate,28,93,58,70,88,79,118,10,114,7,91,visual
221,Justin Gonzalez,24,95,91,95,56,95,106,58,77,5,85,kinesthetic
222,Mary Hood,21,61,96,98,80,74,20,43,77,5,71,kinesthetic
223,Misty Harrington,22,83,81,85,87,71,36,10,62,2,57,visual
224,Julie Gomez,29,80,89,63,90,80,116,39,103,2,93,auditory
225,Mr. Aaron Malone,22,77,73,53,85,58,118,101,22,1,60,visual
226,Ronald Camacho,28,88,92,99,72,68,45,35,105,8,91,kinesthetic
227,Keith Cook,24,66,63,55,84,54,64,56,80,7,53,kinesthetic
228,Lauren Page,20,84,74,78,88,98,50,41,37,7,50,kinesthetic
229,Thomas Lawrence,20,55,59,52,91,61,30,24,59,2,77,visual
230,Jennifer Cain,19,50,71,81,72,75,59,74,21,4,55,visual
231,Stephen Santiago,29,72,88,97,50,88,71,109,115,1,65,kinesthetic
232,Shawn Greene,18,71,53,85,90,97,112,62,14,8,73,auditory
233,Dr. Kristin Hernandez,18,94,65,68,87,89,12,87,43,3,54,auditory
234,Jasmine White,29,95,92,76,79,71,44,46,69,1,62,visual
235,Thomas Burnett,27,54,67,85,93,93,113,78,57,1,90,visual
236,Micheal Bennett,23,87,65,56,57,80,79,58,101,6,97,visual
237,Laura Lopez,22,85,88,86,66,65,107,94,11,3,58,auditory
238,Joe Stewart PhD,25,92,70,77,98,71,92,89,68,5,82,visual
239,Christina Vang,19,96,66,55,76,73,43,25,78,9,85,kinesthetic
240,William Orozco,24,51,58,82,91,55,108,52,61,8,54,kinesthetic
241,Krystal Oconnor,28,66,97,63,68,58,57,111,20,9,61,visual
242,Jeremiah Hill,18,64,69,51,56,74,35,41,10,3,58,visual
243,Luis Ruiz,19,65,60,77,89,93,12,82,64,8,57,visual
244,Christopher Guzman,18,81,80,74,85,79,53,114,89,1,86,kinesthetic
245,Penny Hall,25,95,68,71,84,98,46,119,101,2,83,auditory
246,Kevin Stone,27,75,98,60,63,81,60,45,35,9,52,auditory
247,Dana Shaffer,25,80,99,77,87,81,35,82,108,8,75,auditory
248,Kevin Kelly,27,59,89,67,95,81,25,37,116,8,57,kinesthetic
249,Jacob Good,19,66,83,89,50,61,19,64,63,2,64,visual
250,Corey Morales,28,87,62,64,92,90,82,41,27,6,74,auditory
251,Daniel West,23,75,74,84,72,88,84,81,56,1,99,kinesthetic
252,George Reese,18,61,82,95,99,93,45,77,36,4,59,auditory
253,Tiffany Hart,25,99,79,72,61,75,32,107,12,4,67,visual
254,Steve Mcguire,21,83,93,81,59,69,29,54,79,2,86,auditory
255,Tammy Rivera,29,99,89,65,84,63,22,118,66,7,60,auditory
256,Anthony Allen,19,84,71,51,87,98,10,58,48,8,54,visual
257,Joseph Peterson,24,84,64,80,78,69,86,74,33,7,86,auditory
258,Stephanie Blair,21,53,78,58,96,59,81,44,107,9,83,kinesthetic
259,Timothy Chan,25,83,52,98,60,81,55,93,41,4,99,visual
260,Jasmine Hernandez,26,96,68,95,63,92,19,67,82,5,89,auditory
261,Raymond Hayes,29,97,62,67,71,50,73,95,35,6,95,auditory
262,Corey Guerra,18,76,69,87,88,55,19,78,39,4,57,auditory
263,Michael Hale Jr.,26,99,94,94,96,75,72,21,62,5,64,kinesthetic
264,Emily Walker DDS,26,93,63,73,63,81,65,81,85,9,61,visual
265,Deanna Anderson,27,97,93,82,81,54,84,43,69,8,62,kinesthetic
266,Chase Johnson,22,96,85,94,96,78,51,68,91,5,78,visual
267,Martha Reed,22,67,50,85,62,70,89,61,53,7,92,kinesthetic
268,Mary Herrera,26,66,95,51,62,91,69,47,41,1,59,kinesthetic
269,Lisa Blake,28,75,76,69,70,85,71,95,99,2,78,kinesthetic
270,Austin Davis,28,65,83,77,84,86,52,117,41,2,72,kinesthetic
271,Tyler Berger,23,70,53,53,59,50,39,25,79,4,79,visual
272,Timothy Johnson,20,65,50,71,75,70,28,89,74,5,53,visual
273,Wesley Young,28,71,59,60,58,65,21,96,107,4,99,kinesthetic
274,Amanda Patterson,21,67,90,59,67,89,79,50,105,3,55,auditory
275,Laura Holloway,23,95,70,74,82,61,17,84,49,7,93,visual
276,Michael Evans,28,89,65,89,72,82,117,16,118,6,69,visual
277,Kathryn Reyes,22,84,97,77,81,98,59,51,27,4,94,visual
278,Sabrina May,20,77,64,68,90,83,74,90,25,9,68,visual
279,Andrea Hicks,25,51,65,52,85,80,110,51,50,5,81,visual
280,Kristin Robinson,22,86,98,74,63,59,77,99,40,1,57,auditory
281,Jennifer Oneal,24,58,51,50,50,88,12,73,15,7,65,kinesthetic
282,Dustin Stafford,23,92,89,61,54,72,35,26,61,7,63,auditory
283,Joshua Smith,19,74,51,64,70,57,114,51,115,6,71,kinesthetic
284,Julie Smith,23,86,78,55,56,78,38,114,35,2,99,kinesthetic
285,Theresa Bass,23,79,64,79,63,67,33,115,40,3,74,visual
286,Bill Vang,28,70,52,84,63,79,110,80,97,3,80,kinesthetic
287,David Greene,19,90,85,79,84,52,103,44,87,3,59,visual
288,Ashley Cooper,27,85,78,52,55,74,29,82,55,9,92,visual
289,Tracy Navarro,23,84,96,74,58,89,35,95,98,6,99,visual
290,David Michael,21,99,57,56,72,80,84,23,58,8,69,visual
291,Richard Anderson,25,74,93,53,58,61,52,71,62,2,86,visual
292,Craig Austin,25,69,61,79,79,51,16,72,80,4,87,auditory
293,Craig Massey,22,96,88,74,61,97,47,43,88,4,98,kinesthetic
294,Jose Pennington,23,78,71,74,79,50,111,34,16,4,82,visual
295,Bryan Kennedy,22,61,99,91,65,91,108,66,67,1,78,auditory
296,Sarah Cardenas,27,54,73,74,77,64,87,91,105,5,68,auditory
297,Joel Woodward,20,94,75,74,92,81,116,72,42,7,94,visual
298,Lee Allison,21,88,72,58,83,74,114,71,22,3,90,kinesthetic
299,Kyle Smith,29,51,99,97,69,86,10,69,58,8,80,visual
300,Sarah Davis,28,89,66,76,57,61,18,31,10,7,54,auditory
301,James Duke,23,59,98,51,91,93,30,27,100,7,61,kinesthetic
302,Elizabeth Kelly,29,54,72,60,50,89,82,79,117,3,85,kinesthetic
303,Amanda Villa,18,60,58,53,60,92,100,26,110,1,75,auditory
304,Mark Robinson,19,53,51,78,70,81,27,48,88,8,63,kinesthetic
305,Elizabeth Jordan,19,56,65,71,80,64,55,105,39,5,68,kinesthetic
306,Ryan Maldonado,29,81,55,83,86,99,54,106,70,9,91,auditory
307,Benjamin Shields,20,63,77,61,96,74,34,21,43,6,60,auditory
308,Michael Perez,23,87,74,78,80,63,53,53,116,9,56,kinesthetic
309,Shane Bush,26,53,73,75,91,87,118,50,34,1,79,visual
310,Dr. Robin Simon,27,76,50,63,69,91,66,48,21,9,85,visual
311,Emily Foster,24,90,60,64,93,82,15,85,72,4,99,kinesthetic
312,Dr. Diane Valenzuela,18,76,74,73,82,91,118,87,102,2,84,auditory
313,Taylor Stokes,21,91,55,93,63,98,44,16,43,3,67,auditory
314,Laura Brown,18,69,85,86,99,91,38,117,90,7,91,auditory
315,Sarah Gilbert,18,70,81,57,88,73,65,116,23,9,50,visual
316,Amber Green,27,96,70,95,96,66,51,74,104,6,50,visual
317,Heidi Ramos,28,88,57,78,84,82,118,54,58,2,89,kinesthetic
318,Andrew Hill,19,58,74,80,72,93,33,92,117,9,75,visual
319,Laura Guzman,25,75,65,76,69,69,68,32,25,1,74,auditory
320,Frank Johnson,24,91,80,53,85,88,17,95,49,7,62,auditory
321,Sarah Alvarez,28,87,96,81,70,70,113,114,105,5,67,kinesthetic
322,Cathy Martin,25,53,76,56,53,54,73,69,45,8,66,auditory
323,Darlene Hall,24,87,87,99,74,79,110,110,92,5,52,auditory
324,Scott Payne,28,62,75,66,71,75,92,48,78,6,58,visual
325,Kathryn Carrillo,27,88,84,65,99,68,108,44,17,4,52,auditory
326,Colton Potts,18,56,50,94,63,74,88,10,84,4,93,visual
327,Mr. Jacob Barnes III,18,80,70,80,79,72,47,70,18,5,70,kinesthetic
328,Kristen Duncan,22,62,61,58,75,53,76,76,48,8,66,auditory
329,Alexis Graham,21,70,99,52,99,94,92,55,87,8,79,visual
330,Jasmine Jones,21,91,58,91,80,85,67,66,39,3,86,auditory
331,Dillon James,27,89,98,99,59,74,34,31,80,8,57,kinesthetic
332,Tiffany Davis,21,83,56,74,65,63,73,83,86,2,62,auditory
333,Jennifer Barajas,18,96,84,82,61,90,83,106,14,7,56,kinesthetic
334,Penny Mahoney,21,50,86,52,69,60,89,66,83,4,94,auditory
335,Jamie Wilson,27,55,73,89,59,97,63,110,76,4,59,auditory
336,Elizabeth Ford,27,54,91,70,81,70,107,11,37,4,88,auditory
337,Mark Wood,19,85,69,90,91,50,29,85,80,9,88,visual
338,Tammy Harvey,20,99,83,67,58,89,34,44,112,7,74,kinesthetic
339,John Cruz,29,52,86,52,85,98,53,118,101,6,83,auditory
340,Beverly Lopez,25,87,86,72,64,52,18,56,49,3,92,visual
341,Jennifer Nguyen,21,78,71,54,97,60,45,60,106,5,57,kinesthetic
342,Heather Williams,22,65,97,85,87,79,22,46,50,6,97,visual
343,Angela Oliver,18,70,60,77,54,71,68,38,53,2,93,auditory
344,Michael Krause,27,65,81,97,64,71,30,46,35,4,76,visual
345,Janet Fisher,24,99,92,63,62,92,55,111,36,8,68,visual
346,Jennifer Powers,28,89,69,58,83,83,54,42,72,5,89,visual
347,Brian Johnson,29,98,88,51,51,83,50,33,77,2,75,visual
348,Jeff Mitchell,22,76,94,86,91,71,60,43,68,3,70,visual
349,Alan Torres,18,81,78,54,80,79,118,99,90,2,77,kinesthetic
350,John Hull,29,50,82,85,83,80,83,59,37,1,57,auditory
351,Robert Henry,18,94,53,61,62,69,55,33,41,4,60,visual
352,John Gutierrez,29,83,85,63,60,93,93,73,66,3,79,kinesthetic
353,Vanessa Wilson,21,55,51,81,62,64,106,99,25,5,55,visual
354,Seth Williams,24,58,68,91,70,72,52,62,49,2,64,auditory
355,Kendra Chapman,18,92,82,86,57,75,65,48,43,2,83,auditory
356,Matthew Diaz,19,51,62,64,84,73,75,67,68,1,90,visual
357,Erica Marshall,28,91,61,52,89,50,84,59,21,2,80,kinesthetic
358,Carol Reeves,20,60,64,84,56,91,118,14,62,2,63,auditory
359,Amy Zamora,20,80,85,53,77,69,77,104,74,7,83,auditory
360,Kelsey Adams,20,76,92,87,53,69,47,40,73,7,71,kinesthetic
361,Cheryl Martinez,28,81,59,98,85,93,26,38,63,3,56,kinesthetic
362,Michael Melton,26,96,77,99,54,81,34,75,34,9,88,visual
363,Susan Sharp,27,96,58,68,58,96,36,47,94,8,86,kinesthetic
364,Carl Lucas,29,89,72,87,88,81,10,91,107,2,93,auditory
365,Mr. Wesley Allen,22,90,55,90,92,95,78,22,37,9,97,visual
366,Joshua Mcbride,29,54,57,81,77,51,32,118,85,1,57,visual
367,Tracey Campbell,20,74,73,72,73,69,30,101,88,6,51,auditory
368,Gregory Tucker,25,59,97,64,79,60,56,81,101,6,55,visual
369,Jeffrey Young,19,99,61,74,70,60,79,107,23,1,80,kinesthetic
370,Thomas Anthony DDS,26,84,70,60,75,88,90,30,74,6,54,auditory
371,April Berger,20,81,70,53,83,83,104,80,17,4,87,auditory
372,Isaac Martin,24,79,85,96,91,96,23,23,92,8,53,kinesthetic
373,Thomas Jones,19,90,52,95,56,58,17,63,17,4,67,kinesthetic
374,John Gonzalez,20,67,84,52,88,69,19,30,81,3,74,visual
375,Brett Ortiz,22,84,53,79,78,60,102,57,85,8,81,auditory
376,William Smith,27,86,66,54,78,92,10,67,100,6,50,visual
377,Walter Smith,20,94,58,84,73,74,62,102,32,2,61,kinesthetic
378,Mario Barton,22,84,86,62,63,84,119,28,13,3,67,visual
379,Misty Rosario,18,92,62,65,59,81,31,48,65,8,55,visual
380,Samantha Freeman,20,69,87,64,60,60,51,79,52,1,99,kinesthetic
381,Arthur Morris,27,79,63,74,56,90,70,66,99,7,58,auditory
382,Daniel Hill,21,65,55,90,85,75,31,74,34,1,86,auditory
383,Kristin Young,23,76,99,80,58,60,48,56,34,8,72,kinesthetic
384,Michael Lawrence,22,66,54,80,52,74,34,72,49,5,57,auditory
385,Jasmine Bennett,19,64,63,96,53,91,76,116,16,2,95,kinesthetic
386,Amanda Ewing,23,98,89,75,65,52,26,78,67,2,82,kinesthetic
387,Laura Banks,28,58,74,72,60,93,93,39,82,3,60,auditory
388,Maria Steele,20,84,53,68,62,77,37,41,20,9,95,auditory
389,Steven Smith,27,57,64,64,92,98,78,78,108,6,88,kinesthetic
390,Maxwell Miller,18,84,70,51,92,53,107,73,80,2,67,auditory
391,Joan Charles,18,50,87,77,63,75,32,59,79,6,88,kinesthetic
392,Peter Jones,28,51,60,66,79,62,35,83,89,2,75,visual
393,Rodney Jackson,21,86,57,80,67,82,105,86,114,5,83,kinesthetic
394,Christine Chavez,26,81,99,56,67,94,84,28,109,7,71,kinesthetic
395,Dillon Anderson,18,65,97,73,62,70,26,66,47,2,58,visual
396,Donald Hicks,24,92,62,80,84,53,80,20,63,1,84,visual
397,Lori Santana,18,97,58,86,54,92,46,86,62,3,89,auditory
398,Donald Murphy,23,86,80,94,86,93,83,77,33,6,72,kinesthetic
399,Heidi Willis,29,59,70,53,89,85,97,101,94,4,99,auditory
400,Joseph Myers,24,88,80,69,75,53,101,22,85,7,78,auditory
401,Julie James,23,83,75,59,97,79,21,32,67,6,71,kinesthetic
402,Joshua Harris,22,95,88,50,52,71,16,21,16,5,53,auditory
403,Jessica Ramirez,22,99,96,69,97,85,94,75,104,2,55,kinesthetic
404,Ashley Moore,24,77,79,82,55,78,48,80,70,3,60,kinesthetic
405,Penny Meyer,18,88,64,51,83,85,83,34,21,4,79,auditory
406,Cheryl Pierce,19,52,85,56,50,86,67,27,95,1,75,visual
407,Matthew Morales,24,91,85,65,93,85,18,38,26,8,67,kinesthetic
408,David Patton,28,71,59,83,63,83,48,72,113,4,50,auditory
409,Zachary Williams,18,60,83,91,57,76,56,89,119,3,70,auditory
410,Nicholas Vance,25,70,53,93,62,76,70,56,83,2,87,visual
411,Christopher Skinner,23,54,92,70,94,59,74,68,109,7,99,kinesthetic
412,Alan Smith,22,94,60,72,85,57,100,86,100,3,72,kinesthetic
413,Sharon Peterson,23,61,73,69,60,64,111,53,13,7,70,kinesthetic
414,Dan Johnson,20,57,64,71,97,60,40,26,18,6,90,kinesthetic
415,Roy Frazier,27,51,94,71,63,54,52,57,43,9,97,visual
416,Mr. David Grant,19,64,80,97,55,77,58,27,119,5,92,auditory
417,Peggy Mccarty,21,65,85,88,73,90,76,24,118,2,97,kinesthetic
418,Cynthia Burke,20,74,83,75,64,80,22,35,104,2,69,auditory
419,Mrs. Donna Blair,27,53,56,55,62,74,71,21,70,8,97,kinesthetic
420,Brandon Moss,25,55,94,72,85,54,23,73,99,5,56,kinesthetic
421,Debra Bartlett,25,86,87,90,66,94,100,56,76,7,65,kinesthetic
422,Debbie Adams,21,80,51,76,97,61,114,68,27,7,62,auditory
423,Kara Deleon,29,83,97,87,54,92,44,99,17,2,97,auditory
424,Mr. Daniel Simmons Jr.,20,86,54,58,80,63,69,18,11,5,65,auditory
425,Lisa Brown,21,62,74,57,68,80,82,20,119,3,85,kinesthetic
426,Dana Willis,18,54,72,66,51,56,42,74,30,2,58,visual
427,Tammy Contreras,26,62,83,90,85,87,111,81,69,3,83,kinesthetic
428,Joanna Meza,24,85,51,66,67,79,106,90,36,1,57,kinesthetic
429,Jeremy Webb,21,94,87,93,90,99,86,65,68,3,78,visual
430,Christina White,19,66,76,52,84,95,115,72,26,1,83,auditory
431,Courtney Mitchell,27,81,57,70,56,94,64,60,78,1,97,visual
432,Amber Diaz,22,85,63,84,66,74,103,90,86,1,82,auditory
433,John Graves,18,99,56,64,68,76,61,108,39,6,85,visual
434,Brian Moss,21,82,50,93,93,83,46,28,87,9,88,auditory
435,Sonya Gay,18,78,58,91,62,56,97,109,86,7,55,visual
436,Alan Whitney,25,66,87,56,73,97,95,100,55,7,91,kinesthetic
437,Kevin Rasmussen,24,61,86,50,75,64,30,91,49,5,94,auditory
438,Lori Schmidt,29,82,98,97,51,73,31,37,30,5,56,kinesthetic
439,Shawn Davis,22,56,74,81,67,82,111,94,13,6,74,auditory
440,Adam Wilson,28,59,83,54,65,57,35,93,63,7,86,visual
441,James Smith,22,94,95,89,68,99,34,81,73,9,62,kinesthetic
442,Margaret Rogers,23,89,80,69,86,85,87,48,14,1,90,auditory
443,Robert Clark,21,92,89,67,71,51,41,11,42,1,57,kinesthetic
444,Erica Smith,29,85,74,79,59,74,24,115,30,5,57,visual
445,Matthew Vasquez,26,88,57,89,53,86,30,87,22,4,86,kinesthetic
446,Kristina King,21,74,62,98,98,89,69,81,41,6,84,visual
447,Dr. Erika Wilson,19,71,82,73,55,69,81,83,68,4,76,visual
448,Michael Morales,18,71,94,68,52,76,23,77,11,4,83,visual
449,Arthur Combs,26,59,62,96,58,74,36,73,16,3,70,auditory
450,Tom Rodriguez,29,53,72,95,55,82,60,100,44,2,69,visual
451,Mallory Day,18,85,85,87,63,57,88,75,54,9,97,auditory
452,Joshua Hammond,20,73,55,97,94,52,53,76,59,9,79,auditory
453,Steven Allen,21,66,76,58,58,74,23,115,12,4,84,auditory
454,Brandon James,23,71,58,80,92,51,96,29,61,3,71,visual
455,Matthew Smith,26,71,89,96,87,86,76,58,50,3,96,auditory
456,Jesse Weaver,19,85,92,69,51,60,10,105,53,9,55,visual
457,Amber Stein,21,90,59,94,77,56,44,81,61,2,80,auditory
458,Steven Baker,21,74,90,60,64,85,114,78,77,1,89,visual
459,Tracy Simmons,18,76,88,78,62,74,31,70,43,5,88,auditory
460,Marissa Barton,26,57,98,67,75,79,96,73,118,6,60,visual
461,Angela Berg,20,63,50,71,94,96,66,15,109,6,64,kinesthetic
462,Jeremy Young,23,55,96,59,61,64,103,15,105,3,67,auditory
463,Deborah Jackson,26,68,91,64,55,59,117,78,112,4,87,visual
464,Micheal Kelly,23,57,67,96,52,50,49,43,100,5,67,auditory
465,Anthony Aguirre,24,74,92,51,51,61,51,81,90,5,95,auditory
466,Melissa Robinson,25,77,59,79,58,62,72,79,109,6,50,visual
467,Tracy Francis DVM,18,69,88,88,69,56,110,109,59,2,86,visual
468,Holly Jones,25,62,83,62,74,57,36,74,104,3,55,kinesthetic
469,Grant Ferguson,27,98,92,91,51,77,80,75,70,7,77,kinesthetic
470,Janet Moore,21,70,61,95,83,52,98,54,28,4,57,kinesthetic
471,Joseph Flynn,22,86,72,74,94,71,69,54,31,2,65,auditory
472,Tiffany Warner,27,86,69,71,50,74,41,119,39,2,72,kinesthetic
473,Kathy Thomas MD,29,90,68,79,72,55,60,74,42,3,53,visual
474,Jose Johnson,18,81,60,82,57,66,86,46,57,3,99,kinesthetic
475,Mrs. Carrie Perry MD,27,55,55,66,70,54,28,33,101,2,89,kinesthetic
476,Joshua Mercado,25,71,74,88,74,74,56,10,76,8,76,kinesthetic
477,Kristina Taylor,24,74,81,75,80,98,15,59,65,3,55,visual
478,Kathy Wright,26,90,73,52,82,85,72,57,57,4,94,kinesthetic
479,Annette Lewis,19,70,85,63,92,88,111,10,97,4,74,auditory
480,Renee Donovan,26,51,96,66,76,91,108,35,46,5,97,visual
481,Denise Bates,22,66,85,95,53,56,74,81,17,5,61,visual
482,Keith Mullins,24,65,53,55,71,84,11,79,73,3,95,auditory
483,Martha Lyons,20,65,85,75,71,93,32,44,85,6,90,kinesthetic
484,Michael White,23,62,76,92,86,53,49,96,84,2,61,visual
485,Jeffrey Gray,24,72,93,82,60,92,28,90,38,2,60,visual
486,Michael Copeland,24,87,74,89,76,89,105,67,43,5,68,kinesthetic
487,Edward Kennedy,27,96,53,71,90,65,60,30,52,8,97,auditory
488,Michael Obrien,21,80,56,58,81,94,105,65,37,9,71,auditory
489,Jesus Keith,29,56,64,81,86,64,67,115,59,2,91,kinesthetic
490,Mark Rose,29,93,53,62,92,55,83,61,102,6,87,visual
491,Heidi Coleman,26,91,96,78,84,74,65,13,20,6,97,visual
492,Kelly Schmidt,24,68,99,90,65,77,34,19,59,2,79,kinesthetic
493,Melinda Vaughn,26,65,82,91,55,57,89,85,37,8,75,visual
494,Marcia Brown,28,76,61,81,84,74,84,63,27,9,79,auditory
495,Charles Mcdowell,29,55,59,65,65,55,66,74,74,8,70,kinesthetic
496,Kim Maldonado,22,78,87,86,99,83,35,33,95,5,97,kinesthetic
497,Andrew Black,22,73,61,88,75,52,20,94,46,8,81,kinesthetic
498,Ricky Nunez,25,68,53,50,50,77,37,36,36,7,80,auditory
499,Sarah Sanchez,18,87,61,86,85,97,94,118,12,6,50,visual
500,Brian Edwards,25,85,71,54,76,68,76,93,81,7,92,visual
501,Laura Maldonado,19,94,96,84,87,69,62,16,94,9,59,visual
502,Thomas Sanchez,21,58,83,57,83,98,49,21,50,8,67,visual
503,Lisa Harper,23,53,61,61,64,85,29,35,113,9,56,auditory
504,Sherry Kim,19,76,87,83,65,98,33,36,101,9,92,kinesthetic
505,David White,25,57,85,64,82,78,119,97,60,5,88,visual
506,Erika Mathis,23,63,98,63,63,66,101,74,40,6,93,kinesthetic
507,Michael Marsh,29,88,82,85,87,83,108,21,46,9,91,kinesthetic
508,Tony Allen,23,57,72,90,74,80,90,74,118,9,90,auditory
509,Zoe Wood,18,98,67,98,92,59,81,93,50,6,99,visual
510,Jason Johnson,28,88,83,92,66,52,94,43,111,6,60,visual
511,David Smith,27,99,69,58,71,79,27,37,97,3,60,auditory
512,Alexander Francis,26,52,71,67,78,74,117,14,21,5,85,kinesthetic
513,Jose Trevino,19,98,83,67,82,66,105,40,79,4,96,visual
514,Robert Webster,24,71,75,87,95,56,72,18,38,7,89,visual
515,Donna Hudson,23,82,90,89,57,65,114,74,35,3,89,visual
516,Courtney Hill,23,80,76,81,88,93,64,117,19,6,71,auditory
517,Jodi Smith,29,51,67,61,57,66,55,33,95,5,55,kinesthetic
518,Robert Roberson,23,69,98,61,82,64,104,82,19,8,80,kinesthetic
519,Karen Washington,21,74,99,86,58,98,48,23,95,1,62,auditory
520,Joseph Whitaker,25,51,76,66,97,74,79,58,39,9,50,kinesthetic
521,Betty Lucas,24,87,72,76,68,79,77,87,58,5,77,visual
522,Tyler Bell,24,89,63,81,72,87,46,112,104,4,89,kinesthetic
523,Allen Smith,20,73,82,75,52,69,32,35,16,4,75,visual
524,Emily Reyes,19,58,62,84,68,59,91,106,58,2,51,auditory
525,Melissa Cohen,24,57,82,63,98,62,22,115,77,2,90,auditory
526,Nicholas Boyer,23,90,92,65,95,60,114,16,61,2,97,kinesthetic
527,Jessica Mcclain,28,56,63,92,78,78,107,96,115,8,76,kinesthetic
528,Zachary Castillo,18,67,94,91,76,84,58,91,46,3,63,auditory
529,James Benitez,25,53,60,97,62,86,48,13,21,4,62,kinesthetic
530,Alexis Thomas,24,97,74,59,84,77,89,50,115,1,66,kinesthetic
531,Cheryl Patel,24,67,70,84,76,55,28,36,76,6,59,visual
532,Selena Davis,28,84,77,70,93,60,11,22,66,8,96,kinesthetic
533,Andrew Barnett,21,60,56,82,55,98,112,18,20,6,90,visual
534,Brian Coleman,27,55,70,95,63,63,20,90,104,4,52,auditory
535,Carly Giles,29,61,98,83,50,96,106,54,19,3,95,visual
536,Cynthia Wheeler,20,59,99,89,69,84,47,112,36,9,85,kinesthetic
537,Roger Hill,18,69,95,72,97,60,116,69,19,2,95,kinesthetic
538,David Robinson,25,57,67,84,81,62,76,24,14,9,91,kinesthetic
539,Melissa Brooks,21,93,65,77,51,53,40,78,34,5,54,auditory
540,Andrew Clayton,21,77,93,88,57,99,36,58,114,4,93,visual
541,Michael Buckley,25,52,90,59,89,77,88,59,83,4,99,kinesthetic
542,Tanya Owens,23,84,83,79,65,53,16,44,63,3,57,kinesthetic
543,Ronnie King,24,70,56,78,90,98,28,28,109,4,50,kinesthetic
544,Gregory Frazier,19,80,99,67,61,66,98,39,36,9,69,kinesthetic
545,Lauren Webb,28,55,66,70,96,96,65,31,104,7,61,kinesthetic
546,Patricia Waters,18,57,60,68,52,61,38,95,16,5,52,visual
547,Victoria Foley,18,94,94,94,88,65,77,28,97,8,52,visual
548,David Meyer,26,72,91,81,85,63,37,104,76,6,50,auditory
549,Brian Stephens,29,80,56,68,67,97,52,20,37,5,74,kinesthetic
550,Jason Maddox,27,79,84,74,62,68,26,91,28,8,83,auditory
551,Emily Marquez,20,60,50,72,68,54,94,15,87,6,70,kinesthetic
552,Amanda Wilson,25,84,98,82,88,57,16,48,37,8,79,auditory
553,Carla Banks,25,61,58,99,66,54,75,41,53,6,75,kinesthetic
554,George Todd,25,77,65,62,66,52,117,81,59,9,92,auditory
555,Megan May,26,87,82,83,80,94,118,70,91,4,71,kinesthetic
556,Amy Johnson,22,88,95,75,52,66,106,42,27,8,93,auditory
557,Rita Jackson,29,64,74,69,87,72,92,116,35,4,86,kinesthetic
558,Amanda Carey,21,86,60,70,94,67,51,92,72,8,60,visual
559,Victoria Evans,26,95,53,87,67,79,61,88,74,3,57,auditory
560,Shari Miller MD,27,51,92,76,68,69,119,112,116,8,79,kinesthetic
561,Robert Dixon,26,91,96,84,74,60,12,94,32,7,86,visual
562,Rachel Griffin,19,68,84,53,96,67,19,85,33,4,74,visual
563,David Kim,21,83,97,76,80,64,86,91,102,8,95,kinesthetic
564,Wyatt Brown,24,87,99,66,54,93,76,24,38,5,59,auditory
565,Sonya Walton,26,79,75,72,80,76,39,46,52,9,91,auditory
566,Michael Sanchez,18,75,61,57,66,83,62,100,110,8,54,visual
567,Christian Lewis,22,91,55,67,77,83,95,107,16,9,59,kinesthetic
568,Lisa Mendez,23,86,55,79,57,74,76,107,86,6,97,kinesthetic
569,Cynthia Gutierrez,23,55,57,56,93,99,43,11,110,3,93,visual
570,Stephanie Davis,19,56,53,83,74,67,107,13,28,2,57,auditory
571,Jeffrey Brooks,19,87,92,54,92,87,64,23,88,4,94,auditory
572,Holly Mack,21,97,84,79,88,66,118,71,51,2,61,kinesthetic
573,Ricky Fleming,18,52,60,98,54,90,63,45,49,1,86,visual
574,Bethany Mccormick,21,86,91,53,90,54,79,88,19,8,71,kinesthetic
575,Donna Matthews MD,18,82,55,66,50,59,66,70,73,6,54,auditory
576,Julia Williams,19,88,57,82,94,97,33,61,83,2,95,auditory
577,Lauren Gonzales,22,53,61,74,59,59,62,62,42,3,57,visual
578,Priscilla Jones,25,65,79,87,69,53,49,90,119,4,96,visual
579,Nicole Brown,29,59,72,90,65,93,31,89,113,6,68,auditory
580,Ronald Ramos,27,61,93,87,74,65,27,35,67,7,66,auditory
581,Brooke Bush,28,63,71,52,50,89,104,56,92,2,92,kinesthetic
582,Shannon Brewer,28,98,59,79,73,85,31,40,106,9,75,auditory
583,Jacob Adams,24,68,87,71,85,86,84,94,60,7,77,visual
584,Nicole Blake,29,98,86,70,84,74,15,82,61,6,67,auditory
585,Christian Young,29,82,88,85,83,87,15,32,35,1,74,kinesthetic
586,Ronald Ward,18,65,80,90,88,66,16,84,101,1,66,kinesthetic
587,Andrew Long,24,95,79,62,95,97,105,78,114,3,91,kinesthetic
588,James Jones,18,63,83,64,91,67,103,80,44,6,54,auditory
589,Veronica Perkins,24,68,61,51,61,63,104,17,27,4,94,visual
590,Thomas Love,20,90,80,57,89,70,30,68,60,9,84,visual
591,Jason Hernandez,19,84,56,97,80,74,46,27,56,4,65,visual
592,Christy White,26,67,88,95,77,93,29,19,96,1,90,auditory
593,Christine Williams,27,87,95,92,54,50,96,73,82,8,92,auditory
594,Alan Barajas,27,68,87,69,91,58,103,87,51,1,56,kinesthetic
595,Brooke Tran,21,58,53,85,88,61,35,32,103,1,61,visual
596,Carla Price,29,80,68,76,75,87,19,41,79,3,77,kinesthetic
597,Theresa Berg,23,72,88,98,91,91,40,116,63,1,54,auditory
598,Dustin Brown,29,56,82,55,74,63,17,40,14,6,77,visual
599,David Thompson,29,94,50,93,67,89,78,99,22,3,56,auditory
600,Emily Torres,25,95,83,70,98,68,13,78,82,6,69,visual
601,Traci Nelson,29,90,60,65,54,61,33,110,42,2,73,kinesthetic
602,Henry Simon,28,58,92,66,77,90,69,24,68,2,58,auditory
603,Jeff Joseph,24,87,64,93,97,92,45,107,88,1,51,kinesthetic
604,Kevin Morris,23,55,53,81,64,51,57,81,74,5,50,auditory
605,Matthew Moses,21,81,64,75,91,62,15,91,27,4,63,visual
606,Blake Carpenter,26,60,56,56,67,84,79,83,39,6,91,auditory
607,Michael Smith,26,65,71,85,70,63,95,28,89,8,69,kinesthetic
608,Matthew Reeves,24,97,65,86,65,87,33,49,92,6,98,visual
609,Victoria Curry,28,55,91,72,69,89,60,25,65,3,51,kinesthetic
610,Patrick Eaton,23,88,59,76,57,63,98,46,45,4,56,auditory
611,Kenneth Hernandez,23,86,92,61,84,78,40,59,13,4,72,visual
612,Rick Dougherty,26,50,78,76,57,67,51,55,39,2,61,auditory
613,Ashley Montgomery,26,70,76,71,60,86,26,58,40,2,64,kinesthetic
614,Caleb Carlson,19,67,70,81,73,53,18,35,68,2,79,auditory
615,Jennifer Kennedy,20,70,93,50,89,65,62,19,19,2,69,kinesthetic
616,Alexander Lutz,19,94,65,89,55,84,106,41,70,5,70,visual
617,Joseph Harrison,25,58,65,92,62,96,43,108,108,3,65,auditory
618,Robert Jones,26,63,59,87,55,56,95,118,111,1,96,auditory
619,Michael Fuentes,25,51,89,91,57,83,21,15,75,6,65,auditory
620,Carla Durham,27,50,58,52,94,54,21,102,86,1,64,visual
621,Angela Esparza,28,52,56,91,97,69,10,19,92,7,59,kinesthetic
622,Jacob Cole,20,73,53,71,66,60,111,63,81,8,83,auditory
623,Stephanie Armstrong,23,65,88,51,52,96,27,42,71,3,79,kinesthetic
624,Tammy Ford,18,57,86,98,53,93,28,10,118,5,61,auditory
625,Marisa Bates,23,85,58,71,82,72,54,106,34,8,54,kinesthetic
626,Michael Reese,27,81,61,84,57,51,52,77,40,4,68,kinesthetic
627,Ian Weaver,28,85,51,88,82,75,68,102,104,4,83,auditory
628,Aaron Conner,18,86,62,80,70,56,110,49,16,8,77,kinesthetic
629,Roger Matthews,22,60,93,59,66,85,29,81,46,7,53,visual
630,Alexander Mejia,19,68,67,55,74,61,57,18,38,6,78,visual
631,Kyle Turner,22,88,92,81,65,84,64,23,82,4,95,kinesthetic
632,Tracy Young,24,58,62,77,91,52,27,37,80,4,61,visual
633,Michelle Hess,23,75,98,50,69,73,86,29,85,7,52,kinesthetic
634,Patricia Mahoney,22,81,53,53,50,89,60,19,49,8,54,kinesthetic
635,Terry Ramos,23,71,76,77,56,82,37,66,13,4,89,visual
636,Charlene Dean,26,78,95,78,68,94,76,114,12,8,94,visual
637,Nicole Arnold,21,81,69,58,51,52,66,65,89,2,80,visual
638,Jerry Brewer,22,85,70,68,55,74,67,40,48,2,93,visual
639,Bernard Gonzalez,23,91,60,67,66,69,67,85,119,2,63,auditory
640,Kelly Dominguez,25,52,66,81,61,66,78,40,110,1,93,kinesthetic
641,Jessica Nelson,28,92,50,88,69,52,14,20,60,3,72,kinesthetic
642,Christopher Olson,28,85,83,90,84,60,102,15,119,9,97,visual
643,Ana Silva,23,55,72,90,88,93,20,111,83,4,81,auditory
644,Alexander Chapman,24,77,97,56,98,86,30,71,70,1,88,kinesthetic
645,Renee Patterson,23,87,74,79,83,87,58,113,35,7,80,kinesthetic
646,Mark Brown,23,69,92,98,95,71,78,31,42,4,90,auditory
647,Courtney Serrano,18,75,66,69,79,62,31,83,82,9,93,auditory
648,Ashley Arnold,29,67,85,84,91,53,78,51,104,3,79,kinesthetic
649,Terrence Mendoza,27,57,92,68,71,53,90,11,51,4,80,visual
650,Megan Griffin,28,73,70,99,64,51,83,44,76,5,56,visual
651,Crystal Thompson,25,53,82,50,72,65,72,94,30,6,94,visual
652,Jacob Garcia,28,90,84,75,86,99,42,72,12,3,82,visual
653,Robert Carter,26,66,94,84,87,82,110,32,51,8,99,auditory
654,Kathleen Wright,18,66,90,68,88,81,19,90,71,9,97,kinesthetic
655,Pamela Williams,24,62,69,80,68,63,117,68,26,1,95,kinesthetic
656,Emily Sims,19,78,88,82,85,85,112,39,27,7,90,kinesthetic
657,Kathleen Alexander,18,99,67,95,53,71,67,89,63,5,62,kinesthetic
658,Deborah Ford,23,64,84,97,78,68,111,38,59,7,96,auditory
659,Tracy Tucker,29,94,97,57,77,68,27,93,117,6,92,auditory
660,Joshua Webb,20,61,75,84,65,80,30,61,115,4,86,auditory
661,Amanda Watkins,23,75,50,89,56,96,42,17,17,1,69,auditory
662,Carla Davis,19,54,61,78,74,96,33,38,91,4,74,auditory
663,Alexis Ho,21,72,71,78,57,59,99,76,110,6,81,kinesthetic
664,Jonathan Garcia,26,70,68,88,88,70,118,58,13,7,50,auditory
665,George Simmons,22,83,94,77,59,92,21,16,17,2,61,auditory
666,Kim Robinson,26,61,78,84,60,95,104,71,51,8,74,kinesthetic
667,Ernest Williams,25,60,76,78,73,95,53,32,32,6,53,kinesthetic
668,Gregory Ramirez,19,82,96,72,67,54,67,89,82,7,63,kinesthetic
669,Richard Robles,28,74,88,98,66,52,21,111,36,5,75,auditory
670,Kevin Scott,18,74,77,51,57,86,19,113,84,4,77,visual
671,Jordan Obrien,27,84,76,50,84,98,30,29,81,8,70,visual
672,Marie Lucas,24,54,53,76,78,53,65,14,110,4,78,visual
673,Patricia Williams,20,52,73,78,58,89,44,66,102,3,91,kinesthetic
674,Jaclyn Pruitt,27,53,90,50,86,54,61,64,81,4,89,kinesthetic
675,Douglas Snyder,24,66,79,94,75,55,21,74,74,7,82,visual
676,Kevin Villarreal,24,98,81,61,89,64,44,58,30,3,50,kinesthetic
677,Keith Schmitt,28,98,60,74,81,52,17,45,29,7,63,visual
678,Adrian Jones,23,60,91,64,52,74,74,14,63,3,99,visual
679,Timothy Bradford,24,69,94,65,94,58,99,117,56,8,86,kinesthetic
680,Jesus Phillips,29,95,54,82,88,65,83,78,116,1,57,auditory
681,Sara Williams,22,85,96,79,89,61,117,59,52,7,84,auditory
682,Charles Hernandez,20,75,50,82,89,58,30,29,87,9,99,visual
683,Edward Salas,23,92,53,80,57,97,91,16,43,8,56,auditory
684,Scott Hall,24,85,51,93,90,97,67,90,45,3,60,auditory
685,Sherry Sullivan,26,72,64,65,77,66,44,65,90,6,90,visual
686,James Valencia,27,98,76,72,93,76,68,98,53,7,53,visual
687,Julie Bolton,22,71,82,52,93,57,79,92,31,2,61,auditory
688,Makayla Velasquez,21,77,62,59,59,52,74,61,106,9,92,visual
689,Shannon Weber,22,96,70,62,50,79,35,26,69,8,66,kinesthetic
690,Melissa Jones,18,91,70,51,93,76,109,64,31,8,93,auditory
691,Christine Rodriguez,24,51,58,56,74,71,87,64,85,4,93,auditory
692,Brooke Meza,26,76,88,70,68,73,14,116,103,4,99,auditory
693,Michelle Gonzalez,26,61,58,84,70,71,63,78,33,2,72,kinesthetic
694,Tammy Golden,28,74,52,85,94,87,74,43,31,2,57,visual
695,Haley Gonzalez,22,50,58,53,82,55,103,78,105,9,71,visual
696,Selena Reynolds,21,97,68,62,58,65,16,87,32,2,57,auditory
697,William Wilkinson,28,59,79,52,95,99,108,96,94,7,90,kinesthetic
698,Diane Lynch,20,56,74,61,94,89,117,25,12,5,70,kinesthetic
699,Henry Terrell,26,52,57,94,88,69,47,68,98,8,97,auditory
700,Mark Larson,23,67,81,91,69,95,105,24,119,6,93,kinesthetic
701,Scott Martin,27,60,55,62,66,71,51,74,45,7,56,auditory
702,Tammy Taylor DDS,19,97,72,76,99,95,118,94,28,9,88,visual
703,James Howard,22,72,60,62,59,69,90,29,22,2,73,visual
704,John Rodriguez,22,56,66,52,78,51,45,45,107,3,79,visual
705,Megan Alvarez,20,71,73,87,62,63,111,114,70,8,72,visual
706,Carla Hoffman,23,78,52,99,67,90,47,44,102,5,90,visual
707,Erik Carter,24,50,57,67,86,80,115,46,83,8,91,visual
708,Kayla Hernandez,18,50,91,68,61,71,75,18,74,7,96,auditory
709,Kara Hoffman,24,72,50,83,84,65,45,96,110,2,69,kinesthetic
710,Thomas Collins,22,64,62,55,54,75,96,72,19,8,69,visual
711,James Flores,18,64,55,62,92,58,72,11,97,1,78,auditory
712,Kaylee Gibson,20,67,83,57,90,50,97,25,96,2,66,kinesthetic
713,Ruth Lewis,20,66,56,59,65,71,17,32,26,2,74,visual
714,Dennis Solis,28,51,78,79,61,74,88,60,24,1,53,auditory
715,Casey Rivera,28,68,51,96,58,78,111,74,70,9,96,kinesthetic
716,Samuel Stokes,28,80,71,50,68,94,85,115,66,6,86,kinesthetic
717,Ryan Cameron,19,65,89,57,67,80,101,90,45,4,87,auditory
718,Benjamin Winters,19,64,76,58,88,50,78,40,34,1,76,kinesthetic
719,Katelyn Jenkins,24,69,84,83,83,52,34,90,16,3,83,kinesthetic
720,Gary King,27,95,75,59,75,72,91,48,80,4,93,visual
721,Andrew Fuller,27,68,63,93,65,70,93,109,114,4,93,kinesthetic
722,Jamie Dickerson,21,65,90,81,85,93,95,80,96,9,51,auditory
723,Teresa Walter,22,88,59,59,57,66,11,73,70,3,65,auditory
724,Megan Solis,21,79,60,87,93,91,57,12,20,6,96,visual
725,Samuel Ho,25,76,68,53,84,51,66,98,98,5,65,visual
726,Justin Gonzalez,26,80,83,62,64,90,61,16,61,9,92,auditory
727,Justin Edwards,20,71,88,51,89,50,55,83,82,2,84,kinesthetic
728,Cole Escobar,18,62,67,83,60,93,26,76,65,2,70,kinesthetic
729,Thomas Fisher,21,65,59,82,77,78,68,85,29,1,94,auditory
730,Tyler Cabrera,26,68,56,70,89,91,94,114,32,1,56,visual
731,Jeremy Decker,18,55,71,99,84,85,99,119,33,9,68,auditory
732,Heather Mitchell,24,81,95,71,53,81,27,18,115,8,68,kinesthetic
733,Justin Anderson,26,98,73,51,69,86,119,89,81,4,62,visual
734,Gina Bates,22,92,85,51,62,99,28,99,64,9,65,visual
735,Paul Ford,18,70,78,98,93,73,93,54,78,8,55,auditory
736,Mary Hughes,24,93,68,65,79,82,54,72,43,1,70,auditory
737,Thomas Garcia,20,68,96,53,72,96,52,37,113,6,94,visual
738,Thomas Lane,28,76,61,93,88,56,119,45,65,1,60,visual
739,Kristina Carroll,19,78,55,50,74,50,103,37,97,8,63,kinesthetic
740,Sergio Murphy,22,83,79,87,83,98,105,108,29,1,77,visual
741,Christopher Rosario,23,99,88,50,86,51,15,108,69,8,71,kinesthetic
742,Alexander Walker,25,60,83,93,56,73,96,65,110,5,69,auditory
743,Kathy Bradley,19,55,51,52,77,61,38,44,34,3,50,kinesthetic
744,Jessica Yates,23,68,97,71,62,84,71,60,95,7,73,auditory
745,Tonya Johnson,20,89,58,85,72,82,95,83,71,1,83,visual
746,Amy Cooper,25,99,87,56,65,83,104,15,118,8,74,kinesthetic
747,Ryan Kim,21,92,55,94,99,85,53,32,21,2,71,visual
748,Shannon Bradford,28,72,65,96,68,99,41,29,91,2,93,visual
749,Christopher Lee,20,71,68,75,76,88,29,18,32,9,78,visual
750,Rebecca Smith,20,86,82,55,99,92,75,32,99,2,67,auditory
751,Eric Thomas,26,84,91,89,87,79,64,26,47,7,95,visual
752,Bradley Cook,28,88,73,75,94,89,71,100,19,7,79,visual
753,Lawrence Jefferson,22,72,97,52,57,51,40,98,68,3,78,kinesthetic
754,Gary Fields,22,64,51,59,64,52,105,56,35,4,87,visual
755,Monica Valdez,28,67,93,67,94,52,85,73,61,3,63,auditory
756,Lisa Krause,19,86,51,76,77,91,21,40,52,8,67,auditory
757,Jacqueline Griffin,26,85,98,91,53,69,77,105,47,7,73,visual
758,Stephanie Jones,25,58,83,99,55,86,12,76,16,1,71,visual
759,Heather Baker,18,51,96,54,58,73,54,72,83,5,80,kinesthetic
760,Clifford Gonzalez,23,73,77,76,80,83,45,98,59,8,62,kinesthetic
761,Sherry Brown,26,84,87,76,76,58,92,17,36,4,56,kinesthetic
762,Samantha Griffin,24,77,61,68,74,98,112,68,13,5,86,kinesthetic
763,John Jenkins,27,80,91,73,79,96,85,57,43,5,85,visual
764,Lucas Howe,25,92,54,87,65,65,34,46,97,2,52,auditory
765,Larry Diaz,28,98,60,53,52,76,34,77,107,7,75,auditory
766,Elizabeth Hunt,25,68,66,57,53,77,36,49,70,9,72,kinesthetic
767,William Patterson,18,67,63,76,50,96,116,71,113,7,85,visual
768,John Sparks,23,76,79,65,68,92,20,50,42,9,86,auditory
769,Kelly Benson,27,84,62,64,80,75,70,118,113,8,99,kinesthetic
770,Joshua Reyes,20,51,89,57,89,82,67,66,93,9,51,visual
771,Beth Nolan,21,82,77,55,64,98,19,77,19,7,56,visual
772,Jacob Banks,27,66,67,80,69,58,32,104,82,1,99,kinesthetic
773,Ryan Jones,24,62,93,56,77,91,57,103,20,7,60,auditory
774,Cody Summers,23,54,75,99,90,63,66,76,110,5,55,auditory
775,Jacqueline Nolan,28,99,76,71,63,78,112,106,62,5,62,auditory
776,Brittney Beck,29,58,61,78,66,61,30,101,99,3,78,visual
777,Lindsey Tapia,23,55,94,66,91,87,45,50,87,8,91,visual
778,Emily Mcbride,22,81,63,69,94,85,30,73,60,6,62,kinesthetic
779,Nicholas Perry,26,53,81,82,80,90,20,92,77,9,68,kinesthetic
780,Karen Crawford,20,85,94,99,94,76,40,38,92,3,89,visual
781,Eileen Lane,18,75,74,52,79,59,15,27,87,4,52,visual
782,Walter Santiago,25,61,72,88,62,95,60,119,93,8,52,auditory
783,Matthew Perez,18,54,95,65,76,59,68,63,71,2,61,kinesthetic
784,Alexis Dean,22,82,74,86,91,54,98,20,31,4,97,auditory
785,Shannon Lewis,19,78,97,81,76,69,15,92,55,2,91,visual
786,Bethany Mendoza,26,61,97,75,79,83,88,79,25,8,68,kinesthetic
787,Joseph Mendoza,18,58,98,70,94,70,84,67,11,3,52,kinesthetic
788,Brenda Fowler,27,82,66,68,70,60,48,31,94,9,71,kinesthetic
789,Laura Martinez,26,70,51,76,69,97,90,18,117,8,86,visual
790,Nathaniel Boyd,27,86,81,71,68,91,80,109,21,6,68,kinesthetic
791,John Hanson,23,94,77,60,74,66,47,37,65,7,64,auditory
792,Charles Brown,28,93,62,83,57,55,116,105,115,3,92,kinesthetic
793,Tony Skinner,26,81,89,99,73,98,57,109,48,6,75,kinesthetic
794,Jason Burns,22,64,68,94,75,83,90,14,26,8,98,auditory
795,Jody Perez,25,57,94,92,61,85,34,101,113,1,61,kinesthetic
796,Blake Robinson,21,94,78,50,95,67,117,37,34,1,82,kinesthetic
797,Angela Juarez,28,68,86,88,88,71,61,16,75,2,78,kinesthetic
798,William Smith,26,73,70,74,53,95,36,108,73,3,80,auditory
799,Thomas Wilson,22,93,68,93,62,76,77,107,73,8,80,visual
800,Christy Simmons,20,51,73,70,61,87,45,83,36,1,60,visual
801,Douglas Clark,20,86,61,57,62,51,40,104,19,2,76,auditory
802,Hannah Boyd,21,57,83,97,84,69,88,56,11,1,90,visual
803,Carlos Gonzalez,19,85,94,79,84,66,105,20,83,8,53,auditory
804,Debra Humphrey,29,51,69,83,66,79,26,69,31,1,73,visual
805,Kari Todd,20,63,70,93,74,50,33,54,31,3,66,visual
806,William Mendez,26,98,98,63,90,56,102,61,25,9,81,kinesthetic
807,Dawn Baxter,29,82,54,85,99,96,40,87,74,7,74,auditory
808,Catherine Barber,29,68,65,67,70,87,28,11,60,1,64,visual
809,Tracy Sharp,23,56,64,54,54,69,28,68,12,1,94,visual
810,Brian Anderson,25,55,61,76,92,56,44,20,19,4,67,kinesthetic
811,Gene Alexander,25,67,63,93,84,70,79,14,40,4,84,kinesthetic
812,James Vang,29,59,60,53,88,65,76,30,61,3,95,kinesthetic
813,Summer Mosley,20,50,61,81,60,74,78,98,84,3,82,visual
814,Sandra Austin,25,77,76,57,53,65,13,97,75,3,81,kinesthetic
815,Kristy Ayala,23,87,98,63,93,82,66,118,25,4,80,auditory
816,Anthony Wise,28,84,93,60,62,81,83,90,28,6,74,visual
817,Johnathan Hughes,24,79,77,58,85,98,94,30,11,5,68,auditory
818,Phyllis Krause,18,78,60,72,68,65,76,27,52,2,77,visual
819,Ronald Ruiz,18,69,78,51,53,69,73,118,84,6,80,auditory
820,Susan Gordon,26,96,54,88,61,68,75,52,118,7,74,auditory
821,Maurice Bruce,22,75,58,81,88,89,98,31,54,9,98,auditory
822,Stacie Doyle,21,91,87,88,60,55,92,20,111,4,60,visual
823,Michael Morris,21,80,81,62,76,67,22,96,80,8,83,kinesthetic
824,Emily Olsen,23,65,81,64,92,61,104,34,53,6,70,auditory
825,Christopher Cox,25,59,63,77,77,61,52,93,87,6,58,kinesthetic
826,Kathleen Cox,25,94,65,69,89,80,13,49,23,7,69,auditory
827,Cindy Vargas,24,96,65,79,88,54,13,108,110,5,73,auditory
828,Joshua Sparks,18,78,90,55,84,90,106,39,29,3,57,auditory
829,Theresa Gallegos,26,60,53,70,61,54,32,17,43,8,53,visual
830,Jesse Adams,23,98,93,81,60,52,39,119,107,8,72,visual
831,Brenda Manning,29,94,55,98,80,75,93,73,108,3,98,visual
832,Megan Martin,23,68,52,66,60,76,49,39,48,8,71,visual
833,Carlos Brown,22,82,76,50,54,63,43,67,65,5,83,auditory
834,Kristen Hancock,23,81,87,65,91,54,86,25,67,4,70,kinesthetic
835,William Lee,19,72,80,58,57,62,108,88,83,2,87,auditory
836,Melissa Gomez,29,94,94,80,79,77,59,104,19,7,61,kinesthetic
837,Marcus Aguilar,22,57,74,77,64,87,11,62,59,5,60,auditory
838,Norman Fitzgerald,24,61,52,63,90,77,68,85,28,5,95,auditory
839,James Mccoy,26,65,61,81,68,55,77,103,23,8,62,auditory
840,Tracy Patton,29,77,83,60,90,76,15,108,43,6,55,auditory
841,Gina Cordova,29,77,93,88,66,56,33,65,91,9,51,auditory
842,Kevin Peters,18,56,96,55,65,62,62,34,88,2,59,visual
843,Cynthia Bryan,29,54,96,86,88,95,45,34,11,2,78,auditory
844,Hailey Ray,27,59,91,80,83,88,93,18,79,3,56,auditory
845,Christopher Williams,24,66,53,94,88,51,57,55,119,6,92,auditory
846,Jerry Brown,18,97,95,59,58,82,67,61,50,1,98,kinesthetic
847,Andrea Brown,26,72,60,61,97,91,82,32,31,5,84,auditory
848,Michael Walker,28,57,71,95,72,94,116,105,32,8,99,visual
849,Amanda Rogers,28,94,94,70,90,69,74,47,49,9,85,kinesthetic
850,Andrew Jones,24,59,75,63,91,69,61,29,26,5,73,auditory
851,Charles Harrison,27,51,57,68,99,74,70,41,23,8,54,kinesthetic
852,Ashley Warner,21,74,80,77,90,99,58,74,115,7,57,auditory
853,Spencer Benson,25,98,54,81,85,89,35,29,106,5,60,kinesthetic
854,Tiffany Davis,24,57,93,78,98,81,22,13,39,4,87,visual
855,Christopher Peterson,29,56,80,60,99,95,34,101,10,6,59,kinesthetic
856,Rachael Allen,21,84,82,73,62,93,35,32,104,6,93,visual
857,George Wright,23,79,79,84,61,87,72,112,84,5,63,kinesthetic
858,Jesse Thompson,23,55,65,99,90,69,17,62,22,3,77,visual
859,Craig Byrd,18,99,67,83,97,71,98,100,102,1,88,kinesthetic
860,Lonnie Hart,19,67,64,61,60,74,11,114,90,9,79,auditory
861,Meredith Vargas,18,93,85,63,84,71,82,20,22,3,78,visual
862,Andre Riley,26,89,88,72,52,94,16,89,96,2,91,auditory
863,Traci Carlson,21,78,69,50,85,51,106,113,24,8,62,visual
864,Matthew Russell,21,61,58,92,67,70,33,52,54,2,73,visual
865,Jason Arroyo,21,67,73,93,52,57,96,30,61,2,56,visual
866,Timothy Rodriguez,27,66,73,67,50,67,74,85,58,8,74,auditory
867,Charles Finley,19,80,82,78,65,97,15,57,81,2,88,auditory
868,Stephanie Perry,21,93,59,68,70,84,53,113,102,7,53,kinesthetic
869,Sandra Ward,20,56,54,56,98,61,91,23,73,9,86,auditory
870,Christina Anderson,27,87,88,50,57,63,117,60,90,7,62,kinesthetic
871,Joshua Baker,22,82,76,72,64,52,44,43,10,4,63,auditory
872,Arthur Hansen,22,54,95,74,61,84,29,37,105,3,66,kinesthetic
873,Sabrina Conner,19,50,80,97,51,90,115,113,31,2,94,kinesthetic
874,Jack Wright DDS,23,51,98,53,83,62,98,42,62,4,79,kinesthetic
875,Daniel Hanson,18,52,97,96,82,67,13,99,74,5,56,auditory
876,Gregory Lam,29,80,67,68,78,52,31,10,30,8,96,visual
877,Donald Stephens,27,82,62,64,61,72,60,22,70,6,63,kinesthetic
878,Cindy Williams,28,65,75,64,66,76,16,70,72,3,68,kinesthetic
879,Alexander Rodriguez,18,92,98,95,97,82,27,27,108,8,82,auditory
880,Richard Garcia,22,76,96,85,83,74,46,53,47,3,55,visual
881,Jason Parker,23,56,56,68,96,51,42,17,73,3,92,auditory
882,Angela Anthony,22,83,51,62,57,64,102,48,72,9,58,auditory
883,Mrs. Tina Guerra,24,82,58,87,82,55,46,105,65,1,50,auditory
884,April Mitchell,21,67,68,92,65,56,37,11,117,2,77,visual
885,Leah Potter,26,77,90,82,78,95,91,98,75,5,62,auditory
886,Matthew Owens,28,86,94,76,97,90,31,30,13,3,77,auditory
887,Luke Schultz,22,90,86,97,76,59,100,26,55,4,74,visual
888,Nathaniel Mcneil,21,72,93,92,59,88,23,98,45,7,83,visual
889,David Chung,22,53,50,54,59,72,69,102,119,3,97,visual
890,Samantha Greene,29,67,92,74,75,54,39,65,104,2,62,auditory
891,Eric Mejia,28,89,75,59,63,56,118,70,88,5,74,kinesthetic
892,Marcus Castillo,27,85,58,53,77,82,91,30,101,7,59,auditory
893,Melissa Simmons,26,98,84,67,76,77,63,89,102,2,96,auditory
894,Clifford Davis,25,58,55,99,61,87,69,13,52,3,91,kinesthetic
895,Terry Rogers,28,97,74,55,51,89,30,34,50,3,57,kinesthetic
896,Tammy Cook,22,98,62,65,71,97,86,91,103,5,83,kinesthetic
897,Nicole Moody,22,77,75,61,69,95,48,115,14,8,53,auditory
898,Holly Williams,20,91,50,64,50,91,26,53,35,4,76,kinesthetic
899,Cindy Smith,19,90,74,74,94,97,113,75,72,4,63,auditory
900,Nathan Michael,22,74,71,96,71,91,83,56,62,8,84,kinesthetic
901,Sandra Nolan,29,72,95,87,83,92,32,32,94,1,51,auditory
902,William Russell,18,75,81,73,84,63,86,78,16,3,50,visual
903,Brendan Leonard,19,90,68,65,77,93,50,106,41,9,88,auditory
904,Nicole Zavala,18,92,84,78,56,65,111,28,32,1,83,visual
905,Mark Cabrera,25,75,94,58,86,75,116,84,91,1,84,auditory
906,Brett Martinez,25,60,81,95,63,78,63,115,109,3,50,visual
907,Aaron Mckenzie,25,79,72,92,94,67,42,105,71,2,60,auditory
908,Curtis Gordon,29,93,61,89,81,56,16,25,25,8,61,visual
909,Roy Pennington,22,50,80,70,69,95,86,97,102,7,81,kinesthetic
910,Lisa Lee,25,55,97,50,89,88,95,28,73,9,89,auditory
911,Scott Vega,26,70,50,70,84,77,49,108,47,4,67,auditory
912,David Bates,22,73,97,78,53,54,19,117,19,5,64,auditory
913,Charles Holland,26,90,96,63,74,71,11,119,103,9,85,visual
914,Jonathan Phelps,24,73,91,61,83,78,45,104,33,4,91,kinesthetic
915,Ryan Wood,26,89,56,97,52,53,27,62,50,8,56,auditory
916,Zachary Cook,21,62,56,74,66,82,100,32,65,6,50,auditory
917,Eric Vasquez,23,51,59,67,71,63,50,65,69,1,82,auditory
918,Dawn Richards,26,52,59,86,59,87,51,18,95,7,85,kinesthetic
919,Samuel Pennington,25,70,82,94,64,81,88,90,72,2,59,kinesthetic
920,Jennifer Hicks,26,64,71,53,55,99,19,105,38,5,90,kinesthetic
921,Amy Crawford,20,95,84,91,94,99,58,86,51,3,65,auditory
922,Kevin Haynes,18,77,59,90,56,86,57,101,90,5,53,kinesthetic
923,Blake Lee,24,92,59,93,90,57,49,83,44,2,89,auditory
924,Jacqueline Monroe,23,66,65,78,98,61,38,29,87,6,86,visual
925,Mr. Stephen Schwartz MD,26,88,71,87,94,90,66,108,88,7,61,kinesthetic
926,Kelly Roberts,27,98,70,98,59,60,77,105,46,8,55,visual
927,Rachel Bell,25,93,58,83,94,77,88,30,106,7,84,auditory
928,Alexander Avila,21,61,87,57,54,87,30,111,103,8,51,auditory
929,Stephen Johnson,28,64,98,97,72,54,70,34,67,9,75,kinesthetic
930,Gary Gardner,28,70,54,67,66,87,76,16,110,7,79,auditory
931,Andrew Joyce,24,70,94,81,63,59,11,104,79,3,75,visual
932,Thomas Myers,27,53,56,76,54,60,10,26,52,5,66,kinesthetic
933,Marc Jefferson,29,69,52,76,51,63,59,43,52,7,50,visual
934,Rodney Whitaker,27,83,64,65,99,77,104,46,46,2,63,kinesthetic
935,Mrs. Suzanne Shah,25,86,75,53,90,80,104,104,67,6,64,visual
936,Cody Olsen,21,93,85,79,64,70,38,37,104,5,95,visual
937,Melanie Martin,26,61,55,70,84,55,117,94,80,2,60,auditory
938,Justin Kirby,19,51,70,72,55,87,14,108,68,5,98,kinesthetic
939,Alicia Rose,26,56,81,73,83,97,51,116,104,5,95,kinesthetic
940,Laura Terrell,18,83,89,87,98,95,43,47,77,9,89,kinesthetic
941,Chelsea Lee,28,60,51,68,73,63,15,91,34,7,53,visual
942,Mark Valenzuela,26,55,88,82,95,51,105,73,57,1,96,kinesthetic
943,Kelly Thomas,22,58,70,74,82,58,49,119,24,4,76,kinesthetic
944,Jessica Mitchell,28,67,80,99,55,80,12,33,86,8,50,visual
945,Anthony Walsh,22,67,72,60,76,81,86,26,23,7,50,auditory
946,Michele Mckee,26,92,59,99,98,91,33,97,25,9,79,auditory
947,Jeffrey Walker,28,65,64,81,94,75,10,75,107,8,71,kinesthetic
948,Leslie Vasquez,19,79,55,93,75,56,24,78,110,4,86,visual
949,Lori Graham,28,99,80,69,73,62,36,118,39,8,90,visual
950,Michael Jones,21,67,91,72,95,61,76,31,26,7,61,kinesthetic
951,Nancy Leonard,29,60,50,92,51,53,115,85,29,4,99,auditory
952,Linda Chase,20,90,58,73,83,98,80,53,73,6,93,auditory
953,Tiffany Bailey,29,87,58,82,85,92,25,46,11,1,94,kinesthetic
954,Thomas Parker,20,81,61,90,61,59,104,18,34,6,88,visual
955,Hector Mitchell,25,63,74,72,91,86,40,11,52,3,80,auditory
956,Lindsey Rodriguez,27,64,66,59,57,83,51,54,34,2,69,auditory
957,Bradley Mendez,19,88,88,97,52,81,87,82,85,1,62,kinesthetic
958,Nicole Hammond,20,87,99,75,65,72,16,61,23,1,93,kinesthetic
959,Wendy Hardy,27,91,79,66,75,93,51,118,81,7,60,auditory
960,Angela Blair,21,90,69,66,67,50,22,96,39,4,68,kinesthetic
961,Troy Chandler,19,77,96,90,97,60,109,45,78,5,60,auditory
962,Richard Scott,23,71,99,60,68,87,82,54,95,3,56,auditory
963,Maria Blake,19,60,82,79,72,85,82,43,98,9,89,kinesthetic
964,Casey Gonzalez,20,55,57,72,62,80,43,30,28,9,64,auditory
965,Laura Brewer,29,83,90,85,55,51,119,104,78,7,96,visual
966,Kevin Henderson,24,93,74,52,62,86,75,14,11,4,98,visual
967,Erika Hall,18,84,65,60,88,69,29,88,95,1,95,visual
968,Chelsey Russell,27,60,50,81,96,95,33,36,81,4,66,visual
969,Misty Cohen,19,72,82,64,84,97,60,86,112,8,69,kinesthetic
970,Willie Scott,20,80,86,87,83,77,12,54,116,1,58,auditory
971,Marisa Glenn,20,89,70,61,96,62,84,95,111,7,77,kinesthetic
972,Sarah Campbell,24,77,72,62,87,70,83,34,108,8,70,kinesthetic
973,Jessica Curry,26,83,57,55,78,70,54,42,39,5,74,kinesthetic
974,Dylan Lopez,26,50,56,72,96,99,14,62,18,8,95,kinesthetic
975,Margaret Reed,22,79,68,77,59,80,99,24,52,4,67,visual
976,Jeffrey Baird,25,79,88,96,65,78,87,55,71,7,85,visual
977,Latoya Jackson,27,62,81,95,69,71,74,87,114,9,75,visual
978,Samuel Garza,18,89,88,70,70,69,30,32,117,4,61,auditory
979,Paula Turner,25,98,73,91,85,70,118,94,111,3,93,auditory
980,Dr. Mario Gonzalez,28,59,80,72,75,81,90,78,13,7,60,visual
981,Thomas Carrillo,29,50,67,54,55,83,37,68,58,1,78,visual
982,Robert Mcclain,18,80,93,58,85,71,55,107,104,3,80,visual
983,John Weiss,18,54,78,61,81,56,58,70,58,3,75,visual
984,Robert Murphy,28,85,92,65,62,92,82,58,109,4,55,kinesthetic
985,Daniel Huang,26,78,69,86,81,82,57,72,25,1,58,auditory
986,Dr. Michele Johnson,23,93,59,85,51,62,118,74,66,7,87,kinesthetic
987,Douglas Meyer,26,64,84,70,85,96,92,39,19,2,91,auditory
988,Ronald Marshall,28,71,83,65,93,71,56,47,65,9,93,kinesthetic
989,Paul Griffin,26,86,56,65,51,65,95,83,37,2,77,auditory
990,Dr. Matthew Smith,19,88,72,68,60,54,91,63,49,4,64,visual
991,Kimberly Martin,20,51,84,62,86,50,108,62,43,1,70,kinesthetic
992,John Snyder,25,58,60,70,90,77,89,36,38,2,70,kinesthetic
993,Christine Hall,23,70,51,54,60,86,40,31,115,1,80,kinesthetic
994,Alexandra Eaton,21,69,54,52,56,55,99,30,117,9,89,auditory
995,Harold Travis,22,51,58,73,97,55,55,104,85,9,82,auditory
996,Frank Underwood,23,51,86,98,57,73,97,35,57,7,80,kinesthetic
997,Rachel Mann,25,56,72,68,50,66,24,53,59,9,95,auditory
998,Tracey Mays,23,79,77,55,55,78,13,51,103,1,70,auditory
999,Robin Bradshaw,22,66,91,55,71,69,29,26,24,7,74,kinesthetic
1000,Charles Petty,24,59,56,81,62,62,115,108,24,8,85,visual
